{"n_hidden": 128, "losses": [2.8671472182273865, 2.821946612358093, 2.768683669805527, 2.7211787350177765, 2.6067244070768356, 2.4925117932260035, 2.3585279549360276, 2.328374351620674, 2.2578060274720193, 2.1829546317458153, 2.133399403221905, 2.081378333926201, 2.0949830952584745, 2.047797423169017, 1.9575361510664224, 1.9046579734161495, 1.9634913218319416, 1.8884026370942593, 1.8125248789479955, 1.875375485625118, 1.8152059813300148, 1.8272708428502082, 1.727591314867139, 1.7891129239257426, 1.7041916830940171, 1.698797692248947, 1.6969761557490566, 1.7509024651125074, 1.7166071840180084, 1.6962616560962052, 1.7260312985219062, 1.6468711970821024, 1.5964861724972725, 1.6509366240557284, 1.627774701528251, 1.6151056950660423, 1.6209595620185138, 1.6122024231052492, 1.6082114250604063, 1.5654603112242185, 1.6160839821263215, 1.5893379600048065, 1.4944561518342234, 1.4522892135940493, 1.4541176807638259, 1.5510416472572834, 1.5438817436133103, 1.4844900171358604, 1.4944846707405524, 1.4412343637180747, 1.5037207862595097, 1.498835348906694, 1.4255677196120378, 1.512218948060181, 1.411633187209023, 1.3554458860089507, 1.438542943635024, 1.4003859191554948, 1.4319411287871189, 1.3899608713750131, 1.3670121905936394, 1.4038232047640486, 1.3753902504259021, 1.4618199928840623, 1.3995068790671503, 1.4296890313476325, 1.311817888944177, 1.4120396478781185, 1.435596553599229, 1.4244902503085322], "train_time": "17:28", "categories": ["Arabic", "Irish", "Spanish", "French", "German", "English", "Korean", "Vietnamese", "Scottish", "Japanese", "Polish", "Greek", "Czech", "Italian", "Portuguese", "Russian", "Dutch", "Chinese"], "char2i": {"g": 0, "J": 1, "j": 2, "l": 3, "X": 4, "e": 5, "L": 6, "H": 7, " ": 8, "'": 9, "w": 10, "O": 11, "U": 12, "E": 13, "c": 14, "F": 15, "a": 16, "Q": 17, "y": 18, "u": 19, "I": 20, "W": 21, ",": 22, "p": 23, "b": 24, "z": 25, "G": 26, "T": 27, "t": 28, "q": 29, "S": 30, "m": 31, "d": 32, "K": 33, "n": 34, "i": 35, "x": 36, "Y": 37, "M": 38, "R": 39, "r": 40, "N": 41, "-": 42, "f": 43, "Z": 44, "s": 45, "D": 46, "P": 47, "o": 48, ";": 49, "v": 50, "k": 51, "V": 52, "h": 53, "C": 54, "A": 55, ".": 56, "B": 57}}